getCappedPath-clone,7
run-getDrawing,2
installDefaults-installColorsAndFont,1
generateFallbackKeys-generateFallbackKeys,272
propertyChange-access$0,127
propertyChange-access$1,9
remove-views,1
main-setViewClassName,1
<init>-getPathIterator,4
addColorButtonsTo-addColorButtonsTo,1
basicGetBounds-getHandlesize,18
basicGetBounds-getLocation,18
createFontButton-configureToolBarButton,1
dispose-destroyView,1
show-start,1
run-addUndoableEditListener,1
getPerpendicularDrawGrowth-getStrokeTotalWidth,145
mouseReleased-getDrawing,6
show-setShowing,1
setEnabled-getActiveView,12
addEdgeResizeHandles-north,2
createEditorColorButton-configureToolBarButton,3
createFontStyleItalicButton-configureToolBarButton,1
drawHandles-draw,66
createToolBars-getString,3
drawStroke-drawCaps,7
findHandle-getSecondaryHandles,69
<init>-setDefaultAttribute,3
mouseDragged-mouseDragged,31
getDrawingArea-getStrokeTotalWidth,34
getMnemonicProperty-getStringRecursive,79
getStrokeTotalWidth-get,680
<init>-userNodeForPackage,1
mousePressed-add,3
setModel-firePropertyChange,1
createToolBars-getEditor,1
createFontStyleItalicButton-createFontStyleItalicButton,2
next-next,32
run-hide,1
addColorButtonsTo-getBundle,1
createToolBars-getBundle,1
updateOpenRecentMenu-getAction,2
addEdgeResizeHandles-south,2
installColors-getInstance,1
<init>-getPresentationName,31
getPreferredSize-getDrawingArea,7
createFontButton-getBundle,1
updateEnabledState-isEnabled,674
remove-remove,32
updateHoverHandles-setView,4
createDrawing-addInputFormat,8
isShowing-isShowing,143
contains-getStrokeTotalWidth,16
fireAreaInvalidated-getView,8
createFontButton-createFontButton,3
run-access$0,3
setUI-installUI,1
drawConstrainer-getCanvasViewBounds,33
run-access$1,3
addCornerResizeHandles-southEast,2
init-initLabels,1
updateCursor-findHandle,69
createFileMenu-addExportFileItems,1
figureAdded-invalidate,3
repaintDrawingArea-drawingToView,65
basicGetBounds-getDrawingArea,1
init-userNodeForPackage,2
append-isDone,12
propertyChange-setHasUnsavedChanges,1
getWindowForComponent-getWindowForComponent,7
createEditMenu-maybeAddSeparator,5
updateEnabledState-setEnabled,6
drawDrawing-getChildCount,23
mouseReleased-getBounds,3
addToSelection-getEditor,3
hide-setShowing,1
canUngroup-getSelectedFigures,3
createStrokeCapButton-getBundle,1
drawCanvas-get,33
updateEnabled-getRecentURIs,1
createFileMenu-addCloseFileItems,1
addPrintFileItems-getActionMap,1
mousePressed-viewToDrawing,3
$SWITCH_TABLE$org$jhotdraw$draw$AttributeKeys$Underfill-values,1
wrapViewComponent-createToolBars,1
setEndPoint-getNodeCount,54
getIconProperty-getStringRecursive,147
createFigure-getEditor,3
drawTool-getActiveView,33
<init>-createEventHandler,5
drawRectangle-getBounds,112
validateViewTranslation-getDrawingArea,4
getHandlesize-getHandleAttribute,18
addAttributesButtonsTo-addStrokeButtonsTo,1
draw-isVisible,34
addAttributesButtonsTo-addColorButtonsTo,1
fireOptionSelected-optionSelected,1
main-setVersion,1
createHelpMenu-getAction,1
getDefaults-initComponentDefaults,1
createView-basicCreateView,1
run-finished,1
createHandles-addResizeHandles,2
paintComponent-setViewRenderingHints,33
drawCaps-getNodeCount,7
mouseMoved-findView,69
hide0-isDocumentModalitySupported,2
figureChanged-fireAreaInvalidated,31
outlineContains-getPathIterator,16
configureMenu-getIconProperty,6
findFigure-contains,18
init-initApplication,1
createEditMenu-addUndoItems,1
updateUI-getUIClassID,1
reshape-invalidate,2
mouseReleased-mouseReleased,3
dispose-removePropertyChangeListener,1
propertyChange-propertyChange,551
drawFill-getPerpendicularFillGrowth,27
start-show,1
addCreationButtonsTo-createSelectionActions,1
itemStateChanged-setTool,6
<init>-north,2
updateApplicationEnabled-isEnabled,12
createEditorColorButton-setAction,3
getView-getActiveView,851
installBorder-getInstance,1
createViewMenu-configureJCheckBoxMenuItem,3
deactivate-getView,6
fireFigureAdded-figureAdded,6
willChange-invalidate,31
discardAllEdits-setHasSignificantEdits,1
draw-drawFill,34
installApplicationListeners-installApplicationListeners,1
createMenuBar-createFileMenu,1
updateEnabledState-canUngroup,9
createEditorColorButton-setPopupAlpha,3
getBorder-get,1
addNode-invalidate,42
<init>-addUndoableEditListener,1
addStrokeButtonsTo-createStrokeDashesButton,1
main-setCopyright,1
<init>-installApplicationListeners,6
componentResized-componentResized,10
basicAdd-addFigureListener,3
addDefaultCreationButtonsTo-setLiner,2
createStrokeJoinButton-createStrokeJoinButton,2
createStrokeJoinButton-getBundle,1
createEditMenu-addFindItems,1
setTool-deactivate,6
activate-activate,15
setViewClassName-firePropertyChange,1
draw-getTool,66
getStrokeTotalWidth-$SWITCH_TABLE$org$jhotdraw$draw$AttributeKeys$StrokeType,340
createEditorColorButton-getColor,144
installDefaults-installBorder,1
propertyChange-updateView,10
findFigure-findContains,132
contains-get,64
setPopupAlpha-getPopupMenu,3
init-init,1
getSelectionHandles-validateHandles,113
createFileMenu-addPrintFileItems,1
updateView-updateEnabledState,2
add-getColumnCount,210
getName-getName,3
locate-getBounds,16
drawCanvas-setFontRenderContext,33
remove-stop,1
<init>-addToolListener,1
getBounds-basicGetBounds,23
createEditMenu-addPreferencesItems,1
resize-setBounds,2
getStringRecursive-generateFallbackKeys,294
dispose-dispose,3
<init>-updateApplicationEnabled,6
basicGetBounds-getBounds,4
updateFamilyList-getModel,1
createDrawingActions-createDrawingActions,1
start-setActiveView,1
setTool-addToolListener,7
paintComponent-drawDrawingNonvolatileBuffered,33
boundsInvalidated-getView,3
setSelectedFont-getInstance,1
discardAllEdits-updateActions,1
updateFaceList-getFaceList,1
setPoint-invalidate,54
hide-setActiveView,1
<init>-setDrawing,1
updateViewTitle-getString,3
getBezierPath-clone,4
installSheet-isShowAsSheet,2
hasNext-size,379
mouseMoved-contains,37
drawHandles-getActiveView,33
add-getDrawing,6
maybeFireBoundsInvalidated-fireBoundsInvalidated,3
remove-firePropertyChange,1
boundsInvalidated-access$0,3
draw-get,282
showSheet-show,1
drawDrawingNonvolatileBuffered-drawDrawing,23
<init>-west,2
initComponents-getString,3
<init>-updateEnabled,1
createFontStyleBoldButton-getString,1
mouseExited-findView,5
createZoomButton-add,11
createToolBars-addCreationButtonsTo,1
addFontButtonsTo-createFontStyleUnderlineButton,1
setEnabled-isEnabled,1
getPerpendicularDrawGrowth-$SWITCH_TABLE$org$jhotdraw$draw$AttributeKeys$StrokePlacement,145
drawHandles-validateHandles,33
createView-getViewClass,1
main-setName,1
addStrokeButtonsTo-createStrokePlacementButton,1
isEnabled-isEnabled,86
paintComponent-drawTool,33
createStrokeDashesButton-add,7
show0-isDocumentModalitySupported,1
draw-isTransformable,32
draw-getNode,8
createMenuBar-addOtherMenus,1
contains-getCappedPath,16
getAATileGenerator-isDone,21
setPopupAlpha-getPopupAlpha,3
updateEnabledState-getRealRedoAction,3
run-init,1
initView-isSharingToolsAmongViews,1
addColorButtonsTo-createEditorColorButton,3
addNotify-invalidateHandles,1
getStringRecursive-getStringRecursive,430
findFigure-viewToDrawing,132
<init>-getBundle,199
fireActionPerformed-actionPerformed,3
createFileMenu-getAction,2
updateCollectionList-getRoot,1
<init>-toBufferedImage,1
clear-createDrawing,1
outlineContains-outlineContains,16
mouseMoved-findFigure,63
configureToolBarButton-getTextProperty,1
updateActiveView-setActiveView,1
setEditor-add,1
actionPerformed-getActiveView,1
createMenuBar-createEditMenu,1
configureMenu-getTextProperty,6
areaInvalidated-repaintDrawingArea,62
construct-clear,1
toolStarted-setActiveView,3
dispatch-run,3
dispose-views,1
updateHoverHandles-getDrawingArea,4
setDrawing-addCompositeFigureListener,2
add-getChildCount,3
propertyChange-updateViewTitle,2
addExportFileItems-getActionMap,1
getLocation-getPoint,2
<init>-access$0,2
addSelectionItems-getActionMap,1
createFileMenu-addNewFileItems,1
getPerpendicularFillGrowth-$SWITCH_TABLE$org$jhotdraw$draw$AttributeKeys$StrokePlacement,27
updateViewTitle-getURI,3
findFigure-findFigure,132
validateViewTranslation-get,8
addFontButtonsTo-createFontStyleBoldButton,1
createStrokeWidthButton-getBundle,1
createViewMenu-getComponent,1
setStartPoint-setPoint,27
doIt-getApplication,2
createEditMenu-addClipboardItems,1
createMenuBar-createViewMenu,1
areaInvalidated-getComponent,4
contains-getPerpendicularHitGrowth,46
createFontStyleBoldButton-getBundle,1
createEditorColorButton-createImage,3
draw-sort,23
addDefaultCreationButtonsTo-addToolTo,15
<init>-setInputMap,17
doIt-dispose,1
viewToDrawing-viewToDrawing,3
createZoomButton-getScaleFactor,1
getConstrainer-isConstrainerVisible,101
getCursor-contains,7
activate-getView,3
getDrawing-getView,12
drawDrawing-setFontRenderContext,23
createStrokeDecorationButton-setColumnCount,1
updateEnabled-isEnabled,44
setHasUnsavedChanges-setHasSignificantEdits,1
addSelectionToolTo-getBundle,1
getStroke-$SWITCH_TABLE$org$jhotdraw$draw$AttributeKeys$StrokeType,34
addCornerResizeHandles-isTransformable,2
changed-fireFigureChanged,31
optionSelected-getValue,1
mouseMoved-isSelectable,1
createFileMenu-maybeAddSeparator,2
changed-validate,31
draw-supportsHandleInteraction,66
draw-isClosed,8
createEditorColorButton-getIconHeight,3
draw-findIntersects,23
getSecondaryHandles-validateHandles,113
maybeFireBoundsInvalidated-getDrawing,3
getBounds-getBounds2D,36
draw-drawRectangle,56
createViewActionMap-createActionMap,1
canUngroup-getView,21
getLabels-getBundle,1
updateFamilyList-getFamilyList,1
invalidate-invalidatePath,193
removePropertyChangeListener-getTarget,3562
addToSelection-setView,21
setConnectable-setConnectable,3
compare-getLayer,46
createFontStyleItalicButton-getBundle,1
windowClosed-stop,1
setDrawing-validateViewTranslation,2
<init>-configureToolBarButton,1
draw-drawText,34
fire-propertyChange,1764
getDrawingArea-get,136
addUndoItems-getActionMap,1
run-start,1
activate-clearHoverHandles,4
getToolTipTextProperty-getStringRecursive,263
createDrawing-setBounds,2
draw-getDrawingToViewTransform,10
configureAction-getMnemonicProperty,73
draw-isFigureSelected,1
fireAncestorRemoved-ancestorRemoved,3
validate-invalidatePath,10
addStrokeButtonsTo-createStrokeTypeButton,1
actionPerformed-hasUnsavedChanges,1
propertyChange-fireOptionSelected,1
createMenuBar-getMenuBuilder,1
paintImmediately-isShowing,1
getActiveView-getActiveView,59
run-done,1
fireToolDone-toolDone,6
updateCollectionList-getCollectionList,1
setBounds-setEndPoint,27
createZoomButton-createZoomButton,1
createStrokeDecorationButton-add,16
constrainPoint-getView,130
paintComponent-drawConstrainer,33
fireOptionSelected-fireOptionSelected,1
repaintHandles-getSelectionHandles,11
draw-getOwner,56
getFont-get,1
configureToolBarButton-getBaseClass,33
figureChanged-invalidate,31
getCappedPath-isClosed,7
<init>-setActionMap,17
installComponents-updateFamilyList,1
hide-hide0,2
createToggleGridButton-getBundle,1
addCornerResizeHandles-southWest,2
validate-validate,10
fireFigureAdded-getBounds,3
addFindItems-getActionMap,1
$SWITCH_TABLE$org$jhotdraw$draw$AttributeKeys$StrokePlacement-values,1
showSheet-styleFromMessageType,1
actionPerformed-getURI,1
setHasSignificantEdits-firePropertyChange,5
boundsInvalidated-getDrawing,6
<init>-init,1
drawStroke-isClosed,7
setTool-firePropertyChange,7
activate-repaintHandles,11
addEdgeResizeHandles-east,2
updateView-updateView,14
run-getValue,1
main-setModel,1
addSelectionToolTo-setTool,1
mouseReleased-maybeFireBoundsInvalidated,3
<init>-createActionMap,18
updateView-updateEnabled,10
installColors-getColor,2
addToSelection-addFigureListener,3
createStrokeTypeButton-getBundle,1
repaintParentIfNeeded-isShowing,2
add-fireFigureAdded,3
creationFinished-isSelectable,3
get-getCachedDefaults,5
paintComponent-drawCanvas,33
createStrokeDashesButton-getBundle,1
getFormatted-getString,243
createStrokeDashesButton-configureToolBarButton,1
invalidate-invalidateDimension,8
focusLost-focusLost,4
launch-getOpenURIsFromMainArgs,1
drawDrawing-draw,23
canGroup-getSelectionCount,6
fireItemStateChanged-itemStateChanged,12
setConnectable-firePropertyChange,23
createMenuBar-getModel,1
createFontStyleItalicButton-getString,1
activate-setTarget,11
draw-getEditor,218
addNotify-invalidate,1
clearSelection-fireSelectionChanged,2
mousePressed-fireToolStarted,3
createView-createViewActionMap,1
setActiveView-activate,1
updateHoverHandles-createHandles,2
hash-hashCode,2792
updateCursor-findFigure,69
getCappedPath-invalidatePath,7
addDefaultCreationButtonsTo-set,1
addStrokeButtonsTo-createStrokeWidthButton,1
basicGetBounds-get,4
creationFinished-isToolDoneAfterCreation,3
<init>-registerEventHandler,11
updateViewTitle-getMultipleOpenId,3
paint-paintComponent,33
getStroke-get,238
draw-getStroke,34
findHandle-getSelectionHandles,69
<init>-initActions,1
createOpenRecentFileMenu-getAction,3
mouseMoved-mouseMoved,734
mousePressed-getView,3
start-createView,1
areaInvalidated-fireAreaInvalidated,35
updateEnabledState-getView,643
createMenuBar-getString,5
runWorker-run,1
addStrokeButtonsTo-createStrokeDecorationButton,1
addAttributesButtonsTo-addFontButtonsTo,1
addDefaultCreationButtonsTo-getPrototype,3
getHandleAttribute-getDefaultValue,170
pack-addNotify,1
set-set,59
next-isDone,102
addClipboardItems-getActionMap,1
getNode-clone,8
installListeners-addTreeModelListener,1
mouseMoved-viewToDrawing,69
remove-getActiveView,1
mousePressed-mousePressed,6
addFontButtonsTo-createFontStyleItalicButton,1
createFontStyleUnderlineButton-configureToolBarButton,1
addDefaultCreationButtonsTo-addSelectionToolTo,1
createWindowMenu-configureMenu,1
createStrokePlacementButton-getBundle,1
drawCanvas-drawCanvas,33
addResizeHandles-isTransformable,2
updateCollectionList-getChildCount,1
mouseExited-mouseExited,15
setEditor-updateEnabledState,231
hide-isAnimated,2
focusGained-findView,2
installComponents-updatePreview,1
<init>-toRGB,168
setEditor-unregisterEventHandler,231
findIntersects-findIntersects,46
focusGained-focusGained,4
setDrawing-removeCompositeFigureListener,1
addNewFileItems-getActionMap,1
createFontStyleUnderlineButton-getBundle,1
addToolTo-configureToolBarButton,15
stop-views,2
installListeners-getFaceList,3
<init>-southEast,2
installListeners-getModel,2
updatePreview-getSelectedFont,1
createSheet-getWindowForComponent,1
viewToDrawing-constrainPoint,3
createToolBars-addAlignmentButtonsTo,1
fireAncestorMoved-ancestorMoved,15
setDrawing-clearSelection,1
wrapViewComponent-getComponent,2
paintComponent-drawBackground,33
mouseMoved-getSelectedFigures,69
addSaveFileItems-getActionMap,1
updateFamilyList-getSelectionPath,1
drawFill-isClosed,7
init-initLookAndFeel,1
initActions-getUndoAction,1
<clinit>-getColor,240
updateOpenRecentMenu-getRecentURIs,2
actionPerformed-getBundle,1
addEdgeResizeHandles-isTransformable,2
areaInvalidated-invalidateDimension,62
drawBackground-get,99
<init>-setEditor,232
addAlignmentButtonsTo-addAlignmentButtonsTo,1
updateHoverHandles-fireAreaInvalidated,4
validateHandles-getEditor,3
figureAdded-getChildCount,3
initSystemColorDefaults-isNativeLookAndFeel,1
setCopyright-firePropertyChange,1
createStrokeCapButton-getString,3
createViewMenu-addOtherViewItems,1
componentMoved-componentMoved,2
updateViewTitle-getTitle,3
drawDrawingNonvolatileBuffered-setViewRenderingHints,23
installSheet-isNativeSheetSupported,1
add-init,1
mousePressed-constrainPoint,3
areaInvalidated-getInvalidatedArea,70
addClearFileItems-getActionMap,1
configureToolBarButton-getToolTipTextProperty,33
createEditorColorButton-getIconProperty,3
<init>-northEast,2
add-firePropertyChange,1
mousePressed-setBounds,3
addEdit-setHasSignificantEdits,3
setUpdateEnabledState-unregisterEventHandler,147
basicAdd-getDrawingArea,3
optionSelected-getString,2
updateUI-createUI,1
updateFaceList-getModel,1
layout-layoutContainer,8
fireToolStarted-toolStarted,6
fireBoundsInvalidated-getView,3
addEdgeResizeHandles-west,2
basicAdd-add,3
<init>-getWindingRule,4
createStrokeTypeButton-configureToolBarButton,1
createStrokeDashesButton-createStrokeDashesButton,3
createEditorColorButton-getName,144
set-fireAttributeChanged,72
drawConstrainer-draw,33
addToSelection-createHandles,3
invalidateHandles-getDrawingArea,18
findContains-isLeaf,132
mouseEntered-mouseEntered,9
init-createModelActionMap,1
add-isLeaf,68
updateFaceList-getSelectionPath,1
createEditMenu-getMenuBuilder,1
invalidateHandles-dispose,18
getEditor-getEditor,236
installColorsAndFont-getInstance,1
canUngroup-getSelectionCount,9
updateEnabledState-getSelectionCount,212
drawFill-get,7
setStartPoint-getNodeCount,27
updateEnabledState-getEditor,1329
createDrawing-addOutputFormat,4
updateCursor-getCursor,7
get-get,2163
validateViewTranslation-getDrawing,12
installBorder-getBorder,1
registerEventHandler-getActiveView,231
show-views,1
compare-compare,23
createViewMenu-configureMenu,1
setClosed-invalidatePath,1
<clinit>-getInstance,1
paintIcon-getDefaultAttribute,46
updateHoverHandles-dispose,2
getStringRecursive-getString,24
mouseExited-updateHoverHandles,5
createFontButton-setPopupMenu,1
wrapViewComponent-installToolBarPrefsHandler,3
getRealRedoAction-getActiveView,6
findIntersects-isLeaf,23
constrainPoint-getConstrainer,68
addSelectionToolTo-configureToolBarButton,1
getDrawingArea-getPerpendicularHitGrowth,72
setColumnCount-getColumnCount,4
createViewMenu-getString,1
setTarget-removePropertyChangeListener,9
getPerpendicularDrawGrowth-get,145
fireSelectionChanged-selectionChanged,420
paintIcon-paintIcon,46
draw-getHandleAttribute,152
<init>-updateUI,1
updateHoverHandles-isSelectable,2
show-installFramePrefsHandler,1
updateView-installViewListeners,5
run-construct,1
createStrokePlacementButton-getString,9
getPreferredSize-get,14
init-setActionMap,1
actionPerformed-getComponent,2
mousePressed-clearSelection,3
createToolBars-addAttributesButtonsTo,1
hide-getComponent,2
<init>-addTreeModelListener,1
mouseDragged-changed,31
getPerpendicularHitGrowth-getStrokeTotalWidth,118
<init>-createUI,1
unregisterEventHandler-removeFigureSelectionListener,147
updatePreview-setSelectedFont,1
show-installSheet,1
installListeners-getFamilyList,3
<init>-updateOpenRecentMenu,1
clearSelection-invalidateHandles,2
addToSelection-fireSelectionChanged,3
addEdit-updateActions,3
setText-set,6
add-getPopupMenu,210
hide-uninstallSheet,2
drawRectangle-getView,56
getLocation-drawingToView,18
isDone-isClosed,135
updateEnabledState-getSelectedFigures,3
set-put,72
configureToolBarButton-configureToolBarButton,33
getPopupAlpha-getPopupMenu,3
createFileMenu-addSaveFileItems,1
installUI-installDefaults,167
ancestorAdded-locationChanged,3
activate-getDrawingViews,11
invalidateHandles-setActiveHandle,3
setVersion-firePropertyChange,1
<init>-addFigureListener,25
<clinit>-getBundle,2
mouseMoved-getActiveView,69
clone-invalidate,1
maybeFireBoundsInvalidated-get,6
figureChanged-add,31
add-setApplication,1
getDefaultAttribute-get,46
mouseDragged-setBounds,31
getDrawingArea-getBounds,137
createEditorColorButton-createEditorColorButton,3
getLocation-get,2
run-setDrawing,1
getCappedPath-get,14
fireAreaInvalidated-getDrawingArea,31
draw-draw,68
createStrokeCapButton-createStrokeCapButton,2
paintComponent-isDrawingDoubleBuffered,33
actionPerformed-getString,5
addNode-addNode,42
<init>-set,56
installColorsAndFont-installColors,1
figureChanged-access$2,31
figureChanged-access$1,62
mouseDragged-willChange,31
setName-firePropertyChange,1
figureAdded-getEmptyDrawingMessage,1
invalidateHandles-removeHandleListener,18
fireToolDone-getView,3
<clinit>-getKey,28
constrainPoint-viewToDrawing,62
addCreationButtonsTo-addDefaultCreationButtonsTo,1
remove-hide,1
setActiveView-deactivate,1
main-launch,1
createStrokeWidthButton-add,7
start-add,1
addToSelection-addHandleListener,21
addDefaultCreationButtonsTo-getBundle,1
findHandle-validateHandles,69
createFileMenu-addOtherFileItems,1
<clinit>-getToolTipTextProperty,1
configureAction-configureAction,73
launch-configure,1
show-show0,1
updateViewTitle-getName,3
createOpenRecentFileMenu-configureMenu,1
repaintHandles-validateHandles,11
createModelActionMap-createActionMap,1
createStrokePlacementButton-configureToolBarButton,1
setEnabledFromAction-isEnabled,24
isClosed-get,61
<init>-initComponents,16
getPerpendicularFillGrowth-get,54
disposeImpl-dispose,1
<init>-south,2
createViewMenu-getMenuBuilder,1
createWindowMenu-getMenuBuilder,1
mouseMoved-updateHoverHandles,69
figureChanged-remove,31
setEditor-registerEventHandler,231
add-access$0,68
processComponentEvent-componentShown,1
show-updateViewTitle,1
createFontStyleBoldButton-configureToolBarButton,1
addNotify-fireFigureAdded,3
mouseMoved-updateCursor,69
boundsInvalidated-getComponent,3
addResizeHandles-addEdgeResizeHandles,2
setLiner-firePropertyChange,2
<init>-getString,21
fireFigureChanged-figureChanged,31
configureAction-getAcceleratorProperty,73
<init>-getLabels,1
createToggleGridButton-configureToolBarButton,1
actionPerformed-showSheet,1
createEditorColorButton-setColumnCount,3
actionPerformed-access$9,2
constrainPoint-constrainPoint,130
draw-drawStroke,34
updateViewTitle-getFormatted,3
setTool-activate,7
createEditMenu-addOtherEditItems,1
mouseDragged-constrainPoint,62
createEditorColorButton-getToolTipTextProperty,156
show-hide,1
fireFigureAdded-getDrawingArea,3
getLocation-getNodeCount,2
contains-outlineContains,16
registerEventHandler-addPropertyChangeListener,231
draw-getNodeCount,8
createStrokeWidthButton-configureToolBarButton,1
set-invalidate,59
revalidate-invalidate,5
getPerpendicularFillGrowth-$SWITCH_TABLE$org$jhotdraw$draw$AttributeKeys$Underfill,27
installComponents-updateFaceList,1
add-updateActiveView,1
figureAdded-getInvalidatedArea,3
basicAdd-basicAdd,3
drawStroke-getPerpendicularDrawGrowth,27
figureAdded-repaintDrawingArea,3
<init>-createDrawing,1
figureChanged-isChanging,31
updateCollectionList-getSelectionPath,1
<init>-addDisposable,1
toolStarted-getView,3
getTextProperty-getStringRecursive,80
createFigure-applyDefaultAttributesTo,3
figureChanged-getDrawingArea,31
updateActiveView-getComponent,1
propertyChange-getKey,18
configureAction-getIconProperty,73
applyDefaultAttributesTo-set,9
add-invalidate,3
addNewWindowItems-getActionMap,1
willChange-fireAreaInvalidated,31
addCornerResizeHandles-northEast,2
draw-getView,1
setDrawing-addFigureListener,2
createStrokeDecorationButton-getBundle,1
updateCursor-getDrawing,69
setDrawing-removeFigureListener,1
deactivate-clearHoverHandles,3
optionSelected-doIt,1
createMenuBar-createHelpMenu,1
createFileMenu-configureMenu,1
createStrokeCapButton-configureToolBarButton,1
createStrokeTypeButton-getString,4
layoutContainer-getPreferredSize,16
createEditMenu-configureMenu,1
getPresentationName-getString,31
run-setValue,1
getStroke-getStrokeTotalMiterLimit,34
getBundle-getDefault,221
addPreferencesItems-getActionMap,1
createStrokeDecorationButton-configureToolBarButton,1
basicGetBounds-getOwner,9
updateCursor-viewToDrawing,76
hide-isShowing,1
installFramePrefsHandler-installFramePrefsHandler,1
createEditorColorButton-add,150
show-isAnimated,1
add-getApplication,1
drawHandles-getSelectionHandles,33
getLocation-locate,16
setBounds-setStartPoint,27
selectionChanged-updateEnabledState,420
createHelpMenu-configureMenu,1
addToolTo-addToolListener,15
createStrokePlacementButton-add,9
getPerpendicularFillGrowth-getStrokeTotalWidth,27
setTool-removeToolListener,6
<init>-southWest,2
showSheet-createSheet,1
addOpenFileItems-getActionMap,1
draw-getBounds,6
createFileMenu-addClearFileItems,1
show-createMenuBar,1
getAATileGenerator-getPathIterator,7
getAcceleratorProperty-getStringRecursive,73
installApplicationListeners-createApplicationListener,7
hide-isShowAsSheet,2
access$0-firePropertyChange,11
<init>-addStorableClass,48
basicGetBounds-getDrawingToViewTransform,4
setTarget-addPropertyChangeListener,11
addCornerResizeHandles-northWest,2
creationFinished-getView,3
getAATileGenerator-currentSegment,14
add-addNotify,4
setActiveView-firePropertyChange,10
updateView-uninstallViewListeners,5
<init>-addActionListener,1
start-execute,1
createFontStyleBoldButton-createFontStyleBoldButton,2
launch-launch,1
installApplicationListeners-addPropertyChangeListener,7
getUndoPresentationName-getPresentationName,3
dispose-remove,1
getDrawingArea-getChildCount,5
getMenuBuilder-createMenuBuilder,1
createStrokeTypeButton-add,4
getRealUndoAction-getActiveView,6
getWindingRule-getWindingRule,4
addSelectionToolTo-addSelectionToolTo,1
getPerpendicularHitGrowth-get,118
figureAdded-invalidateDimension,3
draw-getBezierPath,4
sort-ensureSorted,23
findHandle-contains,237
mouseReleased-fireUndoableEditHappened,3
append-next,8
findContains-findContains,132
drawConstrainer-getConstrainer,33
<init>-setConnectable,23
isEnabled-getApplication,70
setDefaultAttribute-getKey,3
removeNotify-removeNotify,1
findView-getComponent,79
add-getComponent,1
basicCreateView-createView,1
clone-clone,37
<init>-getSelectAreaTracker,1
<init>-createImage,1
main-clearLogs,1
viewToDrawing-getView,3
setDefaultAttribute-firePropertyChange,3
propertyChange-hasSignificantEdits,1
installUI-installListeners,1
updateCursor-isSelectable,7
show-isShowAsSheet,1
createZoomButton-configureToolBarButton,1
createFileMenu-getMenuBuilder,1
deactivate-setTarget,9
getOwner-getOwner,17
clearHoverHandles-updateHoverHandles,7
getStrokeTotalMiterLimit-get,102
createFontStyleUnderlineButton-getString,1
drawRectangle-getActiveHandle,56
undoableEditHappened-addEdit,3
createStrokeWidthButton-createStrokeWidthButton,1
toBufferedImage-hasAlpha,1
findFigure-getDrawing,132
paintComponent-drawHandles,33
processWindowEvent-windowClosed,2
getPerpendicularHitGrowth-getPerpendicularDrawGrowth,118
configureToolBarButton-getIconProperty,65
getViewSize-getPreferredSize,1
<init>-getDrawing,1
configureMenu-getMnemonicProperty,6
validateHandles-getSelectedFigures,3
getPopupMenu-getColumnCount,11
updateEnabledState-getRealUndoAction,3
createStrokeJoinButton-configureToolBarButton,1
setBounds-invalidate,27
updateViewTitle-hasUnsavedChanges,3
set-setClosed,23
addToSelection-getDrawingArea,21
getHandlesize-getEditor,18
main-setVerbose,1
getDrawingArea-grow,106
drawTool-draw,33
append-currentSegment,8
createFontStyleUnderlineButton-createFontStyleUnderlineButton,2
figureChanged-getInvalidatedArea,31
createEditorColorButton-getIconWidth,3
<init>-createZoomButton,1
call-call,1
componentResized-locationChanged,6
show-requestUserAttention,1
contains-isClosed,32
getColor-get,2
<clinit>-getFormatted,239
next-get,240
figureChanged-getFigure,93
focusGained-setActiveView,4
getString-getStringRecursive,375
mousePressed-getDrawing,3
changed-getDrawingArea,31
createEditorColorButton-addPropertyChangeListener,3
addCloseFileItems-getActionMap,1
mouseReleased-creationFinished,3
propertyChange-addFigureSelectionListener,9
<init>-east,2
dispose-uninstallSheet,1
updateEnabledState-canGroup,6
actionPerformed-getFormatted,1
installUI-installComponents,1
uninstallViewListeners-uninstallViewListeners,2
installListeners-getCollectionList,3
createViewActionMap-getActionMap,1
updateEnabled-getApplication,1
drawHandles-getSecondaryHandles,33
getLocation-getOwner,20
setEndPoint-setPoint,27
getAction-getActionMap,8
getDrawing-getDrawing,12
$SWITCH_TABLE$org$jhotdraw$draw$AttributeKeys$StrokeType-values,1
<init>-setBounds,16
addResizeHandles-addCornerResizeHandles,2
createFileMenu-addNewWindowItems,1
invalidate-invalidate,193
installComponents-updateCollectionList,1
<init>-loadAllFonts,1
mouseMoved-clearRubberBand,69
addStrokeButtonsTo-createStrokeJoinButton,1
createSheet-isNativeSheetSupported,1
drawStroke-getCappedPath,7
add-initView,1
fireAreaInvalidated-areaInvalidated,101
isEnabled-getActiveView,135
outlineContains-lineContainsPoint,16
addStrokeButtonsTo-createStrokeCapButton,1
createStrokeWidthButton-getString,7
updateViewTitle-setTitle,3
drawCaps-get,14
next-currentSegment,32
configureAction-getTextProperty,73
getCanvasViewBounds-get,66
mousePressed-findView,3
hide-getActiveView,1
setSelectedFont-get,1
createFileMenu-addLoadFileItems,1
propertyChange-updateEnabled,34
creationFinished-fireToolDone,3
getAATileGenerator-next,14
wrapViewComponent-getModel,2
unregisterEventHandler-removePropertyChangeListener,147
show-isShowing,1
getCanvasViewBounds-getDrawing,99
add-basicAdd,3
mousePressed-createFigure,3
drawTool-getTool,66
updateEnabled-setEnabled,1
setHasUnsavedChanges-setHasUnsavedChanges,1
createEditMenu-addSelectionItems,1
canGroup-getView,12
focusGained-access$6,4
add-add,37
updateCollectionList-getModel,1
preferredLayoutSize-getPreferredSize,4
<init>-addNode,42
createZoomButton-getBundle,1
<init>-createInputMap,18
initLabels-getBundle,1
getDrawingArea-getNodeCount,34
<init>-updateEnabledState,235
paintToOffscreen-paint,25
createStrokeCapButton-add,3
getPoint-getControlPoint,2
show-wrapViewComponent,1
addNode-getNodeCount,42
clearSelection-getSelectionCount,4
dispose-removeFigureListener,20
remove-setApplication,1
addFontButtonsTo-createFontButton,1
createStrokeJoinButton-add,3
contains-getBounds,200
repaintHandles-getDrawingArea,60
configureAction-getBaseClass,73
paintChildren-paint,8
dispose-stop,1
getDrawingArea-getDrawingArea,48
initActions-getRedoAction,1
fireBoundsInvalidated-boundsInvalidated,6
<init>-setText,6
createMenuBar-createWindowMenu,1
createWindowMenu-addOtherWindowItems,1
basicGetBounds-drawingToView,1
run-removeUndoableEditListener,1
<init>-configureAction,73
<init>-createToggleGridButton,1
deactivate-deactivate,12
locate-get,16
addCreationButtonsTo-createDrawingActions,1
areaInvalidated-getView,4
<init>-northWest,2
setColumnCount-getPopupMenu,4
addLoadFileItems-getActionMap,1
registerEventHandler-addFigureSelectionListener,222
getPreferredSize-getDrawing,28
installColorsAndFont-getFont,1
<init>-addEnumClass,8
createFileMenu-createOpenRecentFileMenu,1
setBounds-validateViewTranslation,2
createFileMenu-addOpenFileItems,1
repaintHandles-getSecondaryHandles,11
getBundle-getBundle,221
creationFinished-addToSelection,3
createStrokeJoinButton-getString,3
updateActions-getString,5
showSheet-addSheetListener,1
fireAncestorAdded-ancestorAdded,3
figureAdded-access$1,3
run-discardAllEdits,1
fireAreaInvalidated-fireAreaInvalidated,31
createEditorColorButton-setUpdateEnabledState,147
init-getModel,4
<init>-addPropertyChangeListener,10
getLocation-getTransformOwner,2
propertyChange-updateEnabledState,13
init-isShowAsSheet,1
configureAction-getToolTipTextProperty,73
installViewListeners-installViewListeners,2
